Statistic,Value
Mean,0.6966520691931799
Max,2.5
Min,0.0
Variance,0.21548682979783157
Deviation,0.46420559001139955
Count,1201
meanConfidence,0.026253966915695794
