Statistic,Value
Mean,63.68526228143214
Max,71.0
Min,0.0
Variance,156.27919095198504
Deviation,12.501167583549348
Count,1201
meanConfidence,0.7070256093598819
