Statistic,Value
Mean,2.784313725490196
Max,7.0
Min,0.0
Variance,2.7725490196078435
Deviation,1.6650973003424885
Count,51
meanConfidence,0.4663205175276784
