Statistic,Value
Mean,169.52941176470588
Max,222.0
Min,0.0
Variance,1074.9341176470575
Deviation,32.78618790965271
Count,51
meanConfidence,9.181969192217323
