Statistic,Value
Mean,24.757255936675463
Max,60.0
Min,0.0
Variance,230.62578935795946
Deviation,15.186368537539165
Count,7201
meanConfidence,0.3507628586806087
