Statistic,Value
Mean,0.504026592763676
Max,0.6253133843261794
Min,0.0
Variance,0.02032452591416345
Deviation,0.14256411159251633
Count,1201
meanConfidence,0.008062965094891624
