Statistic,Value
Mean,214.43288028296718
Max,1199.9386519143975
Min,0.04166666666666652
Variance,60660.24822022805
Deviation,246.29301293424476
Count,32137
meanConfidence,2.692808667460714
