Statistic,Value
Mean,0.5560649697942174
Max,0.6663304904950142
Min,0.0
Variance,0.023528126643771494
Deviation,0.15338880873053123
Count,1201
meanConfidence,0.008675174957609761
