Statistic,Value
Mean,0.5313655287260618
Max,0.67
Min,0.0
Variance,0.021788467110743708
Deviation,0.14760917014448563
Count,1201
meanConfidence,0.00834829729071438
