Statistic,Value
Mean,17008.880028504173
Max,71995.25901824972
Min,11.089267585659854
Variance,4.9431093133346564E8
Deviation,22233.104401622946
Count,19858
meanConfidence,309.23484544429084
