Statistic,Value
Mean,84.06244796003331
Max,223.0
Min,0.0
Variance,2786.4119303358298
Deviation,52.78647488074791
Count,1201
meanConfidence,2.985432306149803
