Statistic,Value
Mean,10.388009991673606
Max,22.0
Min,0.0
Variance,57.52932278656674
Deviation,7.584808684902128
Count,1201
meanConfidence,0.4289722497103331
