Statistic,Value
Mean,382.6862745098039
Max,453.0
Min,0.0
Variance,4365.419607843153
Deviation,66.07132212876591
Count,51
meanConfidence,18.503671300462006
