Statistic,Value
Mean,111.94096275715067
Max,1199.7864406768776
Min,0.04166666666662877
Variance,42181.96062192893
Deviation,205.38247398921098
Count,37244
meanConfidence,2.0858894778206247
