Statistic,Value
Mean,0.7571606994171514
Max,0.96
Min,0.0
Variance,0.03260518165417652
Deviation,0.18056904954663885
Count,1201
meanConfidence,0.010212401476422708
