Statistic,Value
Mean,17.899628031654025
Max,580.1476718402841
Min,0.0
Variance,6219.624583357526
Deviation,78.86459651426314
Count,278
meanConfidence,9.270768983848807
