Statistic,Value
Mean,145.80266444629476
Max,500.0
Min,0.0
Variance,33426.603526228144
Deviation,182.82943834685963
Count,1201
meanConfidence,10.34024175679535
