Statistic,Value
Mean,23.8218151540383
Max,45.0
Min,0.0
Variance,179.43655703580345
Deviation,13.395393127333122
Count,1201
meanConfidence,0.7576001141630077
