Statistic,Value
Mean,23.465445462114904
Max,60.0
Min,0.0
Variance,446.00067998889824
Deviation,21.118728181140508
Count,1201
meanConfidence,1.1944069673000268
