Statistic,Value
Mean,0.6191525011872794
Max,0.7753780734603686
Min,0.0
Variance,0.025866425136364876
Deviation,0.16083042354096092
Count,1201
meanConfidence,0.009096048624873386
