Statistic,Value
Mean,0.5320929660676869
Max,0.6712437549376087
Min,0.0
Variance,0.022755162031303754
Deviation,0.15084814228655172
Count,1201
meanConfidence,0.008531483080132761
