Statistic,Value
Mean,1.1082647368264127
Max,4.821428571428571
Min,0.0
Variance,1.191072429082475
Deviation,1.0913626478318172
Count,1201
meanConfidence,0.06172394186054301
