Statistic,Value
Mean,13181.488132389684
Max,71982.9202207699
Min,9.848605438196678
Variance,4.0097393025268537E8
Deviation,20024.333453393283
Count,14839
meanConfidence,322.1898262625516
