Statistic,Value
Mean,286.5882352941176
Max,445.0
Min,0.0
Variance,9883.767058823554
Deviation,99.41713664566866
Count,51
meanConfidence,27.84236729120421
