Statistic,Value
Mean,58.64696086594505
Max,231.0
Min,0.0
Variance,3222.105259505967
Deviation,56.76359096732664
Count,1201
meanConfidence,3.2103651298892926
