Statistic,Value
Mean,142.2156862745098
Max,227.0
Min,0.0
Variance,3369.6925490196086
Deviation,58.04905295540668
Count,51
meanConfidence,16.25698655002865
