Statistic,Value
Mean,2.823529411764706
Max,9.0
Min,0.0
Variance,4.988235294117646
Deviation,2.2334357600158654
Count,51
meanConfidence,0.6254871227412355
