Statistic,Value
Mean,229.2156862745098
Max,315.0
Min,0.0
Variance,2862.1325490196086
Deviation,53.49890231602522
Count,51
meanConfidence,14.982689486098016
