Statistic,Value
Mean,0.7122439776904237
Max,0.8758846623641799
Min,0.0
Variance,0.04306626169930906
Deviation,0.2075241231744133
Count,1201
meanConfidence,0.011736893267261236
