Statistic,Value
Mean,52.31787251770587
Max,60.0
Min,0.0
Variance,77.4285263620795
Deviation,8.799348064605667
Count,7201
meanConfidence,0.2032404569951854
