Statistic,Value
Mean,296.9519460936838
Max,1259.0902309692035
Min,0.04166666666662877
Variance,69445.5791340177
Deviation,263.52529126066383
Count,40686
meanConfidence,2.5606833402976523
