Statistic,Value
Mean,3.7254901960784315
Max,9.0
Min,0.0
Variance,4.523137254901958
Deviation,2.1267668548531495
Count,51
meanConfidence,0.5956138540443509
