Statistic,Value
Mean,417.7843137254902
Max,512.0
Min,0.0
Variance,6233.892549019589
Deviation,78.95500331846988
Count,51
meanConfidence,22.111823736243757
