Statistic,Value
Mean,74.74937552039967
Max,79.0
Min,0.0
Variance,109.17963502636695
Deviation,10.448905924850072
Count,1201
meanConfidence,0.5909563270220312
