Statistic,Value
Mean,153.94088259783513
Max,343.0
Min,0.0
Variance,7686.030668887042
Deviation,87.6700100883252
Count,1201
meanConfidence,4.958332243050075
