Statistic,Value
Mean,0.5721152723003917
Max,0.7017405997921615
Min,0.0
Variance,0.02525487399658499
Deviation,0.1589178215197559
Count,1201
meanConfidence,0.008987878039968589
