Statistic,Value
Mean,369.88064589048963
Max,2708.416478048955
Min,0.0
Variance,439526.75265954185
Deviation,662.9681384950123
Count,398
meanConfidence,65.13391641749824
