Statistic,Value
Mean,1.7097620288398823
Max,7.4375
Min,0.0
Variance,0.25418015003709193
Deviation,0.5041628209587573
Count,1201
meanConfidence,0.02851381867514786
