Statistic,Value
Mean,12841.139633509265
Max,71995.22108586054
Min,18.87885150550853
Variance,4.101682770111911E8
Deviation,20252.611609646574
Count,21731
meanConfidence,269.2757533900423
