Statistic,Value
Mean,0.44327227310574807
Max,0.63
Min,0.0
Variance,0.021850033305576406
Deviation,0.1478175676486946
Count,1201
meanConfidence,0.008360083579588415
