Statistic,Value
Mean,2292.0474604496253
Max,4636.0
Min,0.0
Variance,1815946.8419122947
Deviation,1347.5707187054395
Count,1201
meanConfidence,76.214241764267
