Statistic,Value
Mean,349.3921568627451
Max,472.0
Min,0.0
Variance,3788.3231372549185
Deviation,61.54935529520125
Count,51
meanConfidence,17.237267280926847
