Statistic,Value
Mean,17840.562790776847
Max,71996.53243484117
Min,10.63790839125942
Variance,5.080390294180098E8
Deviation,22539.72114774293
Count,18160
meanConfidence,327.8284860520713
