Statistic,Value
Mean,3.588235294117647
Max,7.0
Min,0.0
Variance,3.3670588235294105
Deviation,1.834954719749076
Count,51
meanConfidence,0.5138901098315659
