Statistic,Value
Mean,37.84696569920845
Max,60.0
Min,0.0
Variance,201.61129947229543
Deviation,14.198989382075593
Count,7201
meanConfidence,0.32795714747216936
