Statistic,Value
Mean,293.6970808572791
Max,1199.6839213053495
Min,0.04166666666666652
Variance,63073.730590792424
Deviation,251.14483986495208
Count,31237
meanConfidence,2.7851312866392655
