Statistic,Value
Mean,60.41465445462115
Max,140.0
Min,0.0
Variance,1881.9062517346656
Deviation,43.380943416835294
Count,1201
meanConfidence,2.4534858643328628
