Statistic,Value
Mean,150.68627450980392
Max,220.0
Min,0.0
Variance,1202.259607843138
Deviation,34.67361544233797
Count,51
meanConfidence,9.710554629030382
