Statistic,Value
Mean,0.6193588676103182
Max,0.74
Min,0.0
Variance,0.013020671940056303
Deviation,0.11410815895481051
Count,1201
meanConfidence,0.006453588441140883
