Statistic,Value
Mean,0.6852691174605817
Max,4.892857142857143
Min,0.0
Variance,0.7153066681493112
Deviation,0.8457580435025795
Count,1201
meanConfidence,0.04783333973262805
