Statistic,Value
Mean,32.03164029975021
Max,44.0
Min,0.0
Variance,73.19066472384115
Deviation,8.555154278202185
Count,1201
meanConfidence,0.48385185833948663
