Statistic,Value
Mean,330.54901960784315
Max,461.0
Min,0.0
Variance,7486.092549019598
Deviation,86.52220841506299
Count,51
meanConfidence,24.231065053946676
