Statistic,Value
Mean,121.65025222715836
Max,1199.7588068592763
Min,0.04166666666662877
Variance,48823.19749922337
Deviation,220.95971917800622
Count,43992
meanConfidence,2.0648206139691183
