Statistic,Value
Mean,0.905262281432133
Max,1.18
Min,0.0
Variance,0.034274618651135895
Deviation,0.1851340558923071
Count,1201
meanConfidence,0.010470583471960875
