Statistic,Value
Mean,11927.904326082173
Max,71993.46611090255
Min,6.901503607779205
Variance,3.9988000026575357E8
Deviation,19996.99978161108
Count,17118
meanConfidence,299.56729797093453
