Statistic,Value
Mean,14.794338051623647
Max,60.0
Min,0.0
Variance,252.7718345822925
Deviation,15.898799784332542
Count,1201
meanConfidence,0.8991846985877264
