Statistic,Value
Mean,0.5447832549010528
Max,0.6504641108338869
Min,0.0
Variance,0.020673672544548796
Deviation,0.14378342235650393
Count,1201
meanConfidence,0.008131925368413744
