Statistic,Value
Mean,74.49958368026644
Max,161.0
Min,0.0
Variance,5974.540208159869
Deviation,77.29514996531069
Count,1201
meanConfidence,4.371563707113431
