Statistic,Value
Mean,53.72023313905079
Max,240.0
Min,0.0
Variance,3435.948331945601
Deviation,58.61696283453793
Count,1201
meanConfidence,3.315185848836368
