Statistic,Value
Mean,177.0392156862745
Max,237.0
Min,0.0
Variance,1571.1584313725562
Deviation,39.63784090200368
Count,51
meanConfidence,11.10081583778932
