Statistic,Value
Mean,0.6424453225014196
Max,0.7847135643141617
Min,0.0
Variance,0.03276571295876316
Deviation,0.18101301875490383
Count,1201
meanConfidence,0.010237510939031916
