Statistic,Value
Mean,3.4313725490196076
Max,10.0
Min,0.0
Variance,5.850196078431376
Deviation,2.418717858376908
Count,51
meanConfidence,0.6773764891936128
