Statistic,Value
Mean,21.523730224812656
Max,33.0
Min,0.0
Variance,69.99797807382738
Deviation,8.366479431267813
Count,1201
meanConfidence,0.4731810191772151
