Statistic,Value
Mean,0.9782681099084124
Max,1.83
Min,0.0
Variance,0.03368133139050574
Deviation,0.1835247432650588
Count,1201
meanConfidence,0.010379565954330915
