Statistic,Value
Mean,175.49042464612822
Max,391.0
Min,0.0
Variance,33716.45178323619
Deviation,183.62040132631284
Count,1201
meanConfidence,10.384976064914293
