Statistic,Value
Mean,165.05048852328582
Max,1913.8328565493725
Min,0.0
Variance,136041.094854892
Deviation,368.83749111890995
Count,357
meanConfidence,38.26106218515846
