Statistic,Value
Mean,0.5531263289554477
Max,4.583333333333333
Min,0.0
Variance,0.6501119437650817
Deviation,0.8062951964169709
Count,1201
meanConfidence,0.04560144872554369
