Statistic,Value
Mean,12.139883430474605
Max,60.0
Min,0.0
Variance,256.4154163197336
Deviation,16.012976497819935
Count,1201
meanConfidence,0.9056421642515227
