Statistic,Value
Mean,323.6862745098039
Max,422.0
Min,0.0
Variance,7580.379607843142
Deviation,87.06537548212344
Count,51
meanConfidence,24.383182259207608
