Statistic,Value
Mean,3.980392156862745
Max,13.0
Min,0.0
Variance,6.8996078431372565
Deviation,2.626710460468998
Count,51
meanConfidence,0.7356260688605561
