Statistic,Value
Mean,166.50980392156862
Max,221.0
Min,0.0
Variance,1958.4949019607893
Deviation,44.25488562815172
Count,51
meanConfidence,12.39384699320765
