Statistic,Value
Mean,0.6406339415951503
Max,0.7658805716031846
Min,0.0
Variance,0.02811271516483244
Deviation,0.16766846801003593
Count,1201
meanConfidence,0.00948278630559529
