Statistic,Value
Mean,40.61115736885928
Max,225.0
Min,0.0
Variance,2673.5211754093816
Deviation,51.70610385060338
Count,1201
meanConfidence,2.924330014638419
