Statistic,Value
Mean,12609.941923679518
Max,71995.61562051844
Min,8.499260284152115
Variance,4.157895558254142E8
Deviation,20390.918464488404
Count,16802
meanConfidence,308.32757644594614
