Statistic,Value
Mean,114.571601243279
Max,1199.472749604184
Min,0.04166666666662877
Variance,49715.33576508363
Deviation,222.96936059710902
Count,43218
meanConfidence,2.1021752916672583
