Statistic,Value
Mean,0.5831823777333837
Max,0.714717269108031
Min,0.0
Variance,0.026448728466579922
Deviation,0.1626306504524283
Count,1201
meanConfidence,0.009197863636996031
