Statistic,Value
Mean,51.587010824313076
Max,107.0
Min,0.0
Variance,2754.7642978073827
Deviation,52.485848548036095
Count,1201
meanConfidence,2.9684298530065547
