Statistic,Value
Mean,12.366361365528727
Max,60.0
Min,0.0
Variance,201.14066749930612
Deviation,14.182406971290385
Count,1201
meanConfidence,0.8021110719499251
