Statistic,Value
Mean,0.5451101076718736
Max,0.6447895598177363
Min,0.0
Variance,0.020708168013698375
Deviation,0.14390332870958328
Count,1201
meanConfidence,0.008138706883963027
