Statistic,Value
Mean,0.9094338051623639
Max,1.18
Min,0.0
Variance,0.033250179156257914
Deviation,0.1823463165415137
Count,1201
meanConfidence,0.010312917949915965
