Statistic,Value
Mean,50.54038301415487
Max,240.0
Min,0.0
Variance,3189.490242853178
Deviation,56.475572089649326
Count,1201
meanConfidence,3.1940757136298923
