Statistic,Value
Mean,15.218151540383014
Max,60.0
Min,0.0
Variance,281.27237024701645
Deviation,16.771176769893533
Count,1201
meanConfidence,0.9485235195966897
