Statistic,Value
Mean,78.60532889258951
Max,174.0
Min,0.0
Variance,6718.559104912572
Deviation,81.96681709638708
Count,1201
meanConfidence,4.635778091729979
