Statistic,Value
Mean,124.95457285231907
Max,1199.8032543430465
Min,0.04166666666662877
Variance,47871.24034660979
Deviation,218.79497331202512
Count,44308
meanConfidence,2.037287581692741
