Statistic,Value
Mean,53.99750208159867
Max,240.0
Min,0.0
Variance,3634.52416042187
Deviation,60.28701485744563
Count,1201
meanConfidence,3.409638590251724
