Statistic,Value
Mean,173.19607843137254
Max,237.0
Min,0.0
Variance,1454.6807843137317
Deviation,38.14027771678821
Count,51
meanConfidence,10.681414257223166
