Statistic,Value
Mean,0.7100812781656266
Max,4.892857142857143
Min,0.0
Variance,0.7828284437755597
Deviation,0.8847759285692394
Count,1201
meanConfidence,0.05004006512694171
