Statistic,Value
Mean,12778.222475719276
Max,71998.09148712122
Min,6.901503607779205
Variance,4.265752997682381E8
Deviation,20653.69942088434
Count,17215
meanConfidence,308.5321390647648
