Statistic,Value
Mean,32.38301415487094
Max,46.0
Min,0.0
Variance,80.49317790729921
Deviation,8.97179903404547
Count,1201
meanConfidence,0.5074159382878541
