Statistic,Value
Mean,0.6400379567237713
Max,0.7847135643141617
Min,0.0
Variance,0.03241362410068834
Deviation,0.1800378407465729
Count,1201
meanConfidence,0.010182358024636795
