Statistic,Value
Mean,331.9019607843137
Max,448.0
Min,0.0
Variance,7007.730196078457
Deviation,83.7121866640602
Count,51
meanConfidence,23.444101555223728
