Statistic,Value
Mean,0.9166444629475531
Max,1.18
Min,0.0
Variance,0.03288881432137806
Deviation,0.18135273452963993
Count,1201
meanConfidence,0.010256724164599584
