Statistic,Value
Mean,0.5412344410497549
Max,0.6629534938455651
Min,0.0
Variance,0.020214587852810516
Deviation,0.14217801466053223
Count,1201
meanConfidence,0.008041128701068118
