Statistic,Value
Mean,3.588235294117647
Max,10.0
Min,0.0
Variance,5.367058823529411
Deviation,2.3166913526685877
Count,51
meanConfidence,0.6488033523963467
