Statistic,Value
Mean,102.76000431301439
Max,1496.5919375005615
Min,0.0
Variance,91999.4999716825
Deviation,303.31419348867024
Count,358
meanConfidence,31.420080362332968
