Statistic,Value
Mean,151.5878434637802
Max,383.0
Min,0.0
Variance,28611.259152095474
Deviation,169.1486303583197
Count,1201
meanConfidence,9.566499501123046
