Statistic,Value
Mean,0.6243244377564625
Max,0.7836276956208065
Min,0.0
Variance,0.03055350457276031
Deviation,0.17479560799047644
Count,1201
meanConfidence,0.009885874293496133
