Statistic,Value
Mean,117.04293711782178
Max,1198.7945154100375
Min,0.04166666666662877
Variance,48561.13567727862
Deviation,220.36591314737998
Count,40378
meanConfidence,2.1494536615355657
