Statistic,Value
Mean,61.573688592839304
Max,240.0
Min,0.0
Variance,3450.3331071329444
Deviation,58.739536150134384
Count,1201
meanConfidence,3.32211819916058
