Statistic,Value
Mean,0.5477790423657056
Max,0.6487149685539275
Min,0.0
Variance,0.02109367061891879
Deviation,0.14523660220109388
Count,1201
meanConfidence,0.008214112520794832
