Statistic,Value
Mean,11778.56593394061
Max,71996.23942207426
Min,6.901503607779205
Variance,3.709437103776299E8
Deviation,19259.899023038255
Count,15931
meanConfidence,299.0808170367522
