Statistic,Value
Mean,162.1764705882353
Max,237.0
Min,0.0
Variance,3127.4282352941145
Deviation,55.923414016797246
Count,51
meanConfidence,15.661688575714805
