Statistic,Value
Mean,307.3921568627451
Max,448.0
Min,0.0
Variance,9725.723137254909
Deviation,98.61908099984966
Count,51
meanConfidence,27.618867005846916
