Statistic,Value
Mean,3.235294117647059
Max,10.0
Min,0.0
Variance,6.063529411764702
Deviation,2.462423483433486
Count,51
meanConfidence,0.6896165124589572
