Statistic,Value
Mean,0.8964029975020732
Max,1.18
Min,0.0
Variance,0.03469855079102216
Deviation,0.18627547018064983
Count,1201
meanConfidence,0.01053513817274015
