Statistic,Value
Mean,33.1007493755204
Max,47.0
Min,0.0
Variance,95.82234110463479
Deviation,9.788888655237365
Count,1201
meanConfidence,0.5536278847691612
