Statistic,Value
Mean,18.883430474604495
Max,60.0
Min,0.0
Variance,349.36640022203727
Deviation,18.691345596880854
Count,1201
meanConfidence,1.0571220585652479
