Statistic,Value
Mean,0.8546515673107485
Max,4.785714285714286
Min,0.0
Variance,0.8847579559347704
Deviation,0.9406157323449201
Count,1201
meanConfidence,0.053198183840828084
