Statistic,Value
Mean,5.50541215653622
Max,35.0
Min,0.0
Variance,56.38851235081876
Deviation,7.509228479066192
Count,1201
meanConfidence,0.4246976776969943
