Statistic,Value
Mean,0.13716090729184288
Max,54.590041102153464
Min,0.0
Variance,7.487619566670362
Deviation,2.736351506416959
Count,398
meanConfidence,0.268835378292012
