Statistic,Value
Mean,0.20186797331838854
Max,1.75
Min,0.0
Variance,0.09753610193010978
Deviation,0.31230770392372614
Count,1201
meanConfidence,0.017663113721075766
