Statistic,Value
Mean,1.0319567027477208
Max,1.19
Min,0.0
Variance,0.042802751457104965
Deviation,0.20688825838385552
Count,1201
meanConfidence,0.011700930811113845
