Statistic,Value
Mean,0.6872322401946042
Max,0.8476426289805503
Min,0.0
Variance,0.042988967085027245
Deviation,0.20733780910636448
Count,1201
meanConfidence,0.0117263559461179
