Statistic,Value
Mean,85.06711963580513
Max,1199.860472124366
Min,0.04166666666662877
Variance,44023.510954371224
Deviation,209.8178041882319
Count,48662
meanConfidence,1.8642469096832925
