Statistic,Value
Mean,192.19733555370524
Max,473.0
Min,0.0
Variance,44900.97019289481
Deviation,211.8984903034819
Count,1201
meanConfidence,11.984293325241698
