Statistic,Value
Mean,13538.02122001159
Max,71956.16018319696
Min,6.901503607779205
Variance,4.2250877882192886E8
Deviation,20555.01833669649
Count,18750
meanConfidence,294.2207538315244
