Statistic,Value
Mean,361.4117647058824
Max,448.0
Min,0.0
Variance,3942.847058823507
Deviation,62.792093919724536
Count,51
meanConfidence,17.58530371004131
