Statistic,Value
Mean,4.470588235294118
Max,10.0
Min,0.0
Variance,4.414117647058822
Deviation,2.1009801634139293
Count,51
meanConfidence,0.5883921359532878
