Statistic,Value
Mean,24.994171523730223
Max,34.0
Min,0.0
Variance,17.95246600055511
Deviation,4.237035048303838
Count,1201
meanConfidence,0.23963299962863605
