Statistic,Value
Mean,30.074937552039966
Max,240.0
Min,0.0
Variance,1599.549379683597
Deviation,39.99436684939014
Count,1201
meanConfidence,2.2619520459723548
