Statistic,Value
Mean,0.5634510820427975
Max,0.6984779297284693
Min,0.0
Variance,0.024138815922389117
Deviation,0.15536671433221827
Count,1201
meanConfidence,0.008787038901832805
