Statistic,Value
Mean,180.23529411764707
Max,237.0
Min,0.0
Variance,1230.0635294117635
Deviation,35.07226153831206
Count,51
meanConfidence,9.82219786678399
