Statistic,Value
Mean,26.253955037468778
Max,240.0
Min,0.0
Variance,1832.2812864279767
Deviation,42.80515490484734
Count,1201
meanConfidence,2.4209211282128207
