Statistic,Value
Mean,0.18846104658050572
Max,1.75
Min,0.0
Variance,0.09632196013498406
Deviation,0.31035779373971595
Count,1201
meanConfidence,0.017552833107138472
