Statistic,Value
Mean,0.6731775076153369
Max,0.8099563249938007
Min,0.0
Variance,0.03912315354832677
Deviation,0.19779573693163047
Count,1201
meanConfidence,0.011186687203273815
