Statistic,Value
Mean,5.097418817651957
Max,35.0
Min,0.0
Variance,55.833001665278935
Deviation,7.472148396898909
Count,1201
meanConfidence,0.4226005481677544
