Statistic,Value
Mean,86.82887761464242
Max,1199.7507188062496
Min,0.04166666666662877
Variance,45036.38691882945
Deviation,212.21778181582582
Count,47224
meanConfidence,1.9140640087827303
