Statistic,Value
Mean,23.941715237302247
Max,34.0
Min,0.0
Variance,22.164933388842584
Deviation,4.707964888233831
Count,1201
meanConfidence,0.2662672683732936
