Statistic,Value
Mean,3.980392156862745
Max,10.0
Min,0.0
Variance,4.619607843137254
Deviation,2.1493273001423616
Count,51
meanConfidence,0.6019320424894082
