Statistic,Value
Mean,7.107850937444363
Max,605.1295311791205
Min,0.0
Variance,2264.3583999669977
Deviation,47.585275033007825
Count,402
meanConfidence,4.651742098454126
