Statistic,Value
Mean,0.9809242298084849
Max,1.18
Min,0.0
Variance,0.034150228420763436
Deviation,0.18479780415568642
Count,1201
meanConfidence,0.01045156616118621
