Statistic,Value
Mean,309.65445462114906
Max,794.0
Min,0.0
Variance,129529.16799888978
Deviation,359.90160877507867
Count,1201
meanConfidence,20.354871059296315
