Statistic,Value
Mean,13434.489967554451
Max,71979.68589969663
Min,6.901503607779205
Variance,4.2366763008268476E8
Deviation,20583.188044680657
Count,18238
meanConfidence,298.73087254283035
