Statistic,Value
Mean,0.5793237441491536
Max,0.7292517130492701
Min,0.0
Variance,0.02780076362817859
Deviation,0.16673560995833672
Count,1201
meanConfidence,0.009430026871083203
