Statistic,Value
Mean,350.94117647058823
Max,448.0
Min,0.0
Variance,4779.816470588235
Deviation,69.13621677954497
Count,51
meanConfidence,19.362013488287985
