Statistic,Value
Mean,175.05882352941177
Max,237.0
Min,0.0
Variance,1826.456470588234
Deviation,42.737062025696545
Count,51
meanConfidence,11.968771360890525
