Statistic,Value
Mean,50.98251457119068
Max,236.0
Min,0.0
Variance,3036.303860671662
Deviation,55.10266654774215
Count,1201
meanConfidence,3.116428616198943
