Statistic,Value
Mean,32.00666111573688
Max,42.0
Min,0.0
Variance,76.40662225922884
Deviation,8.741088162192899
Count,1201
meanConfidence,0.49436767750202437
