Statistic,Value
Mean,0.9264779350541207
Max,1.19
Min,0.0
Variance,0.06629600138772829
Deviation,0.2574800990129689
Count,1201
meanConfidence,0.014562241701506783
