Statistic,Value
Mean,161.31372549019608
Max,230.0
Min,0.0
Variance,3023.5396078431368
Deviation,54.9867221049149
Count,51
meanConfidence,15.399362369899011
