Statistic,Value
Mean,311.9019607843137
Max,472.0
Min,0.0
Variance,11287.450196078444
Deviation,106.24241241650363
Count,51
meanConfidence,29.753826837184032
