Statistic,Value
Mean,3.7254901960784315
Max,12.0
Min,0.0
Variance,6.443137254901959
Deviation,2.538333558636839
Count,51
meanConfidence,0.710875585755822
