Statistic,Value
Mean,115.53234574295202
Max,1199.9428080134194
Min,0.04166666666662877
Variance,48272.48747745906
Deviation,219.71000768617495
Count,41958
meanConfidence,2.1023185449726984
