Statistic,Value
Mean,12592.722449707053
Max,71995.67340863925
Min,6.072238629342337
Variance,4.193440160749597E8
Deviation,20477.89090885484
Count,16207
meanConfidence,315.2753237736213
