Statistic,Value
Mean,16.519567027477102
Max,60.0
Min,0.0
Variance,344.83315847904527
Deviation,18.56968385511841
Count,1201
meanConfidence,1.0502412639090295
