Statistic,Value
Mean,0.6101190739696555
Max,0.7640891205132921
Min,0.0
Variance,0.02816196368590692
Deviation,0.16781526654600565
Count,1201
meanConfidence,0.009491088756038697
