Statistic,Value
Mean,0.7213747741126085
Max,4.21875
Min,0.0
Variance,0.789960458994242
Deviation,0.8887971978996345
Count,1201
meanConfidence,0.05026749511535849
