Statistic,Value
Mean,63.97483644595193
Max,1806.381622991189
Min,0.0
Variance,63522.99383987785
Deviation,252.03768337270094
Count,328
meanConfidence,27.276247883152013
