Statistic,Value
Mean,102.84263114071607
Max,256.0
Min,0.0
Variance,13050.487714404666
Deviation,114.2387312359721
Count,1201
meanConfidence,6.4609731870885545
