Statistic,Value
Mean,0.5893190838721996
Max,0.706857986027291
Min,0.0
Variance,0.028082529456549966
Deviation,0.16757842777801074
Count,1201
meanConfidence,0.009477693921264864
