Statistic,Value
Mean,1.1202747710241565
Max,1.28
Min,0.0
Variance,0.04225150777127465
Deviation,0.20555171556392968
Count,1201
meanConfidence,0.011625340271639981
