Statistic,Value
Mean,13374.350806288312
Max,71986.25586530221
Min,8.724313855377659
Variance,4.182968467617946E8
Deviation,20452.30663670469
Count,18964
meanConfidence,291.0940935131065
