Statistic,Value
Mean,0.6160702302469673
Max,0.7404476164314492
Min,0.0
Variance,0.03038830318138217
Deviation,0.17432241158664072
Count,1201
meanConfidence,0.009859111835227105
