Statistic,Value
Mean,16.46128226477935
Max,26.0
Min,0.0
Variance,22.87537468776026
Deviation,4.782820787752795
Count,1201
meanConfidence,0.27050087596377365
