Statistic,Value
Mean,27.188176519567026
Max,205.0
Min,0.0
Variance,1448.639560088815
Deviation,38.060997886140804
Count,1201
meanConfidence,2.1526069499864695
