Statistic,Value
Mean,4.215686274509804
Max,9.0
Min,0.0
Variance,4.652549019607842
Deviation,2.156976824077589
Count,51
meanConfidence,0.6040743376931672
