Statistic,Value
Mean,182.92156862745097
Max,218.0
Min,0.0
Variance,914.1537254901995
Deviation,30.23497520240755
Count,51
meanConfidence,8.467486723402407
