Statistic,Value
Mean,84.96768892849266
Max,1199.3852213713785
Min,0.04166666666662877
Variance,43431.725914794486
Deviation,208.40279728159717
Count,48856
meanConfidence,1.8479944467997473
