Statistic,Value
Mean,0.663612887956752
Max,0.8165276618026347
Min,0.0
Variance,0.03809312538627031
Deviation,0.19517460230847228
Count,1201
meanConfidence,0.011038444305819071
