Statistic,Value
Mean,364.8627450980392
Max,433.0
Min,0.0
Variance,3756.760784313694
Deviation,61.2924202843524
Count,51
meanConfidence,17.165311085210615
