Statistic,Value
Mean,0.2125082378305474
Max,1.8928571428571428
Min,0.0
Variance,0.12357310085723677
Deviation,0.35152965857411916
Count,1201
meanConfidence,0.019881380631077975
