Statistic,Value
Mean,2.8105179433076795
Max,340.40980567916904
Min,0.0
Variance,527.0630725902099
Deviation,22.957854267988765
Count,382
meanConfidence,2.3022669795638215
