Statistic,Value
Mean,5.607826810990841
Max,45.0
Min,0.0
Variance,65.87523868998056
Deviation,8.11635624464455
Count,1201
meanConfidence,0.4590348606479861
