Statistic,Value
Mean,50.04400867121073
Max,1220.331043127469
Min,0.0
Variance,35557.47562979208
Deviation,188.5668996133523
Count,402
meanConfidence,18.43352979882859
