Statistic,Value
Mean,0.7633736907430366
Max,0.9281154371256619
Min,0.0
Variance,0.049154832093690266
Deviation,0.22170889042546368
Count,1201
meanConfidence,0.01253913782900117
