Statistic,Value
Mean,4.568627450980392
Max,10.0
Min,0.0
Variance,4.130196078431375
Deviation,2.0322883846618263
Count,51
meanConfidence,0.5691545900086821
