Statistic,Value
Mean,0.9678351373855046
Max,1.24
Min,0.0
Variance,0.03471380946434179
Deviation,0.18631642295928127
Count,1201
meanConfidence,0.010537454329456982
