Statistic,Value
Mean,0.05693653659213998
Max,14.0
Min,0.0
Variance,0.4120355583329476
Deviation,0.6418999597545926
Count,7201
meanConfidence,0.014826103048528622
