Statistic,Value
Mean,166.31372549019608
Max,191.0
Min,0.0
Variance,678.0996078431397
Deviation,26.04034577042209
Count,51
meanConfidence,7.292755512705014
