Statistic,Value
Mean,356.1372549019608
Max,402.0
Min,0.0
Variance,3390.200784313738
Deviation,58.225430735321645
Count,51
meanConfidence,16.30638220852465
