Statistic,Value
Mean,0.2273105745212323
Max,15.0
Min,0.0
Variance,2.5124535109630863
Deviation,1.5850720838381724
Count,1201
meanConfidence,0.0896465508893558
