Statistic,Value
Mean,0.6409162030333007
Max,0.7832018304801868
Min,0.0
Variance,0.04124022286559852
Deviation,0.20307688904845506
Count,1201
meanConfidence,0.011485372087590838
