Statistic,Value
Mean,169.6841339618716
Max,1199.7098062588702
Min,0.04166666666662877
Variance,91874.78412500414
Deviation,303.108535222953
Count,37013
meanConfidence,3.087998591477165
