Statistic,Value
Mean,14501.265699406555
Max,71992.48053644874
Min,6.958548305583463
Variance,4.4262241032468534E8
Deviation,21038.593354230823
Count,18516
meanConfidence,303.03946089181096
