Statistic,Value
Mean,0.001782973363947552
Max,0.5208333333333334
Min,0.0
Variance,6.069545777085661E-4
Deviation,0.024636448155295563
Count,1201
meanConfidence,0.001393357832622181
