Statistic,Value
Mean,49.195945007637825
Max,60.0
Min,0.0
Variance,79.95173911030915
Deviation,8.941573637246922
Count,7201
meanConfidence,0.20652547199490812
