Statistic,Value
Mean,1523.7610324729392
Max,3411.0
Min,0.0
Variance,967586.6336802668
Deviation,983.6598160341139
Count,1201
meanConfidence,55.632618008380405
