Statistic,Value
Mean,0.7598631711582756
Max,0.8928406988180735
Min,0.0
Variance,0.04011297238778364
Deviation,0.200282231832441
Count,1201
meanConfidence,0.01132731531346164
