Statistic,Value
Mean,161.00666111573688
Max,349.0
Min,0.0
Variance,8513.959955592567
Deviation,92.27112200245843
Count,1201
meanConfidence,5.218556252774088
