Statistic,Value
Mean,4.627450980392157
Max,12.0
Min,0.0
Variance,7.198431372549013
Deviation,2.682989260610078
Count,51
meanConfidence,0.7513872854586655
