Statistic,Value
Mean,444.0
Max,517.0
Min,0.0
Variance,4953.880000000001
Deviation,70.3838049554015
Count,51
meanConfidence,19.71140806343213
