Statistic,Value
Mean,72.759367194005
Max,77.0
Min,0.0
Variance,114.20954759922323
Deviation,10.686886712191873
Count,1201
meanConfidence,0.6044157507167985
