Statistic,Value
Mean,0.6362947543713539
Max,0.8
Min,0.0
Variance,0.029927009714132313
Deviation,0.17299424763307106
Count,1201
meanConfidence,0.009783995177336835
