Statistic,Value
Mean,1.6379400242300943
Max,3.875
Min,0.0
Variance,0.2044057805363424
Deviation,0.4521125750699071
Count,1201
meanConfidence,0.025570025099792282
