Statistic,Value
Mean,11251.034288372706
Max,71986.98841569835
Min,19.58556918080319
Variance,3.7269609222858614E8
Deviation,19305.338438592215
Count,23032
meanConfidence,249.32605476909157
