Statistic,Value
Mean,249.827939776574
Max,1199.7828624838614
Min,0.04166666666662877
Variance,56643.17570387161
Deviation,237.99826827914444
Count,45457
meanConfidence,2.1879101507838805
