Statistic,Value
Mean,0.7083471795532866
Max,0.8444193825737575
Min,0.0
Variance,0.03721707347579815
Deviation,0.19291727106663661
Count,1201
meanConfidence,0.01091077695106045
