Statistic,Value
Mean,260.1764705882353
Max,305.0
Min,0.0
Variance,1801.988235294114
Deviation,42.449831981930316
Count,51
meanConfidence,11.888330858926455
