Statistic,Value
Mean,263.5087088033459
Max,1561.2257802902377
Min,0.0
Variance,164696.89752735413
Deviation,405.8286553797725
Count,455
meanConfidence,37.29006000016048
