Statistic,Value
Mean,0.6663906445837926
Max,0.7921021903334736
Min,0.0
Variance,0.03747421589126567
Deviation,0.19358258158022812
Count,1201
meanConfidence,0.010948404762074244
