Statistic,Value
Mean,63.0699417152373
Max,130.0
Min,0.0
Variance,4079.1267707466
Deviation,63.868041857775786
Count,1201
meanConfidence,3.612169896237446
