Statistic,Value
Mean,4.098039215686274
Max,10.0
Min,0.0
Variance,4.730196078431373
Deviation,2.1749013951053904
Count,51
meanConfidence,0.6090942216581623
