Statistic,Value
Mean,14.186611985744898
Max,789.2619939120959
Min,0.0
Variance,7563.087830913432
Deviation,86.96601537907456
Count,383
meanConfidence,8.7097613693074
