Statistic,Value
Mean,97.14863268858355
Max,1199.8990131208193
Min,0.04166666666662877
Variance,43314.50576559659
Deviation,208.12137267853242
Count,47664
meanConfidence,1.8684329180064805
