Statistic,Value
Mean,180.13725490196077
Max,237.0
Min,0.0
Variance,1256.9607843137317
Deviation,35.453642750974566
Count,51
meanConfidence,9.92900597008674
