Statistic,Value
Mean,46.82264779350541
Max,240.0
Min,0.0
Variance,3032.2910199833477
Deviation,55.0662421087852
Count,1201
meanConfidence,3.114368567729309
