Statistic,Value
Mean,356.3333333333333
Max,448.0
Min,0.0
Variance,3891.3066666666696
Deviation,62.38033878287829
Count,51
meanConfidence,17.469989206516907
