Statistic,Value
Mean,0.9814487926727659
Max,1.18
Min,0.0
Variance,0.034233732583960064
Deviation,0.18502360007296384
Count,1201
meanConfidence,0.010464336448036383
