Statistic,Value
Mean,11.702747710241466
Max,60.0
Min,0.0
Variance,181.9057341104635
Deviation,13.487243384415642
Count,1201
meanConfidence,0.7627948676570002
