Statistic,Value
Mean,30.85428809325562
Max,42.0
Min,0.0
Variance,54.66291701359987
Deviation,7.393437428801293
Count,1201
meanConfidence,0.41814891036587776
