Statistic,Value
Mean,0.5571743710353223
Max,0.6897392446069197
Min,0.0
Variance,0.02288939884460749
Deviation,0.1512924282461204
Count,1201
meanConfidence,0.00855661045717132
