Statistic,Value
Mean,0.5038818645926083
Max,3.35
Min,0.0
Variance,0.4257428494771603
Deviation,0.6524897313193214
Count,1201
meanConfidence,0.03690270903128941
