Statistic,Value
Mean,13494.993758711918
Max,71997.907161344
Min,6.901503607779205
Variance,4.22475369538322E8
Deviation,20554.20564114123
Count,18456
meanConfidence,296.54320554992483
