Statistic,Value
Mean,59.05079100749376
Max,240.0
Min,0.0
Variance,3388.471584790452
Deviation,58.21057966375573
Count,1201
meanConfidence,3.2922021309527696
