Statistic,Value
Mean,0.5485719017025766
Max,0.6587827445704064
Min,0.0
Variance,0.02124636155331317
Deviation,0.14576131706770892
Count,1201
meanConfidence,0.008243788696706342
