Statistic,Value
Mean,175.50980392156862
Max,237.0
Min,0.0
Variance,1427.8549019607858
Deviation,37.78696735596528
Count,51
meanConfidence,10.582467564874944
