Statistic,Value
Mean,69.13405495420483
Max,163.0
Min,0.0
Variance,5298.46118096031
Deviation,72.79052947300431
Count,1201
meanConfidence,4.11679694015168
