Statistic,Value
Mean,0.6344689878765921
Max,0.7847135643141617
Min,0.0
Variance,0.03173701187762781
Deviation,0.1781488475338188
Count,1201
meanConfidence,0.010075522677586362
