Statistic,Value
Mean,0.8970691090757671
Max,1.18
Min,0.0
Variance,0.03660423605329056
Deviation,0.19132233547939603
Count,1201
meanConfidence,0.01082057255231753
