Statistic,Value
Mean,11126.03478562239
Max,71990.47404710237
Min,6.901503607779205
Variance,3.56651655147764E8
Deviation,18885.223195603594
Count,16773
meanConfidence,285.8069726467931
