Statistic,Value
Mean,16.705245628642796
Max,60.0
Min,0.0
Variance,295.28471412711633
Deviation,17.18385038712559
Count,1201
meanConfidence,0.9718630047879924
