Statistic,Value
Mean,323.52941176470586
Max,448.0
Min,0.0
Variance,6138.894117647084
Deviation,78.3510951911145
Count,51
meanConfidence,21.94269563158008
