Statistic,Value
Mean,0.7441220263494593
Max,4.571428571428571
Min,0.0
Variance,0.72070030997306
Deviation,0.8489406987375856
Count,1201
meanConfidence,0.04801334041991375
