Statistic,Value
Mean,125.15597798363531
Max,1198.487586061825
Min,0.04166666666662877
Variance,50293.79237836506
Deviation,224.26277528463135
Count,42522
meanConfidence,2.131603487382066
