Statistic,Value
Mean,32.737718567860114
Max,45.0
Min,0.0
Variance,86.37031779073016
Deviation,9.29356324510304
Count,1201
meanConfidence,0.5256138814697813
