Statistic,Value
Mean,0.40608857899913736
Max,139.69447117570326
Min,0.0
Variance,56.728329293777286
Deviation,7.531821114031937
Count,344
meanConfidence,0.7959336148383093
