Statistic,Value
Mean,0.8792506244796022
Max,1.18
Min,0.0
Variance,0.037950604635025954
Deviation,0.19480914925902723
Count,1201
meanConfidence,0.011017775463229011
