Statistic,Value
Mean,11530.740330379727
Max,71995.51270947607
Min,6.901503607779205
Variance,3.6463798564157385E8
Deviation,19095.496475388478
Count,15050
meanConfidence,305.0835390893784
