Statistic,Value
Mean,152.37254901960785
Max,237.0
Min,0.0
Variance,3526.318431372546
Deviation,59.38281259230271
Count,51
meanConfidence,16.630513961313838
