Statistic,Value
Mean,289.5686274509804
Max,448.0
Min,0.0
Variance,12306.530196078436
Deviation,110.93480155514065
Count,51
meanConfidence,31.06795864865259
