Statistic,Value
Mean,20.442964196502913
Max,60.0
Min,0.0
Variance,404.21528587288367
Deviation,20.10510596522395
Count,1201
meanConfidence,1.1370797728536304
