Statistic,Value
Mean,0.5303392936227559
Max,0.6232941937262966
Min,0.0
Variance,0.01866984960168342
Deviation,0.13663765806571562
Count,1201
meanConfidence,0.0077277840497512315
