Statistic,Value
Mean,115.54705426328621
Max,1199.6808865780224
Min,0.04166666666662877
Variance,47388.50646609742
Deviation,217.68901319565353
Count,38238
meanConfidence,2.1819510209587327
