Statistic,Value
Mean,57.49458784346378
Max,240.0
Min,0.0
Variance,3243.2468456841516
Deviation,56.949511373532886
Count,1201
meanConfidence,3.220880186791928
