Statistic,Value
Mean,0.6217960247433657
Max,0.7836276956208065
Min,0.0
Variance,0.03041920993181364
Deviation,0.17441103729928803
Count,1201
meanConfidence,0.00986412421891612
