Statistic,Value
Mean,0.9563261988653511
Max,5.875
Min,0.0
Variance,1.0901974751858419
Deviation,1.0441252200698161
Count,1201
meanConfidence,0.05905234571363816
