Statistic,Value
Mean,2.9215686274509802
Max,10.0
Min,0.0
Variance,5.7937254901960795
Deviation,2.407015889061823
Count,51
meanConfidence,0.6740992822784488
