Statistic,Value
Mean,173.5878434637802
Max,475.0
Min,0.0
Variance,39921.07415209547
Deviation,199.80258795144638
Count,1201
meanConfidence,11.300188206735847
