Statistic,Value
Mean,32.84096586178185
Max,47.0
Min,0.0
Variance,89.83385373300052
Deviation,9.478072258270693
Count,1201
meanConfidence,0.5360491145466434
