Statistic,Value
Mean,0.930000000000004
Max,1.18
Min,0.0
Variance,0.03250666666665451
Deviation,0.18029605283159839
Count,1201
meanConfidence,0.010196961665099905
