Statistic,Value
Mean,53.917568692756035
Max,116.0
Min,0.0
Variance,3029.8106994171526
Deviation,55.043716257327254
Count,1201
meanConfidence,3.1130945784201534
