Statistic,Value
Mean,3.6862745098039214
Max,10.0
Min,0.0
Variance,5.9396078431372565
Deviation,2.437131068108003
Count,51
meanConfidence,0.6825332193675095
