Statistic,Value
Mean,127.07210501931604
Max,1199.779725667263
Min,0.04166666666662877
Variance,46757.14456197399
Deviation,216.23400417597134
Count,45414
meanConfidence,1.9887728573355445
