Statistic,Value
Mean,0.7416645505180804
Max,4.321428571428571
Min,0.0
Variance,0.7102826793581898
Deviation,0.8427826999637509
Count,1201
meanConfidence,0.04766506392442567
