Statistic,Value
Mean,0.557957040024012
Max,0.6823432797968324
Min,0.0
Variance,0.02303218162377519
Deviation,0.15176357146487818
Count,1201
meanConfidence,0.008583256793932405
