Statistic,Value
Mean,340.8627450980392
Max,448.0
Min,0.0
Variance,5784.240784313715
Deviation,76.05419636228967
Count,51
meanConfidence,21.299435294573946
