Statistic,Value
Mean,0.6429298965075193
Max,0.7847135643141617
Min,0.0
Variance,0.03289315967088074
Deviation,0.18136471451437497
Count,1201
meanConfidence,0.010257401713792554
