Statistic,Value
Mean,33.01248959200666
Max,46.0
Min,0.0
Variance,93.23067721343334
Deviation,9.655603410115463
Count,1201
meanConfidence,0.5460897023537042
