Statistic,Value
Mean,15.808492922564529
Max,60.0
Min,0.0
Variance,251.39496114349157
Deviation,15.85543948124717
Count,1201
meanConfidence,0.8967323800737896
