Statistic,Value
Mean,57.950041631973356
Max,240.0
Min,0.0
Variance,3421.7858354149316
Deviation,58.496032646795214
Count,1201
meanConfidence,3.308346428509637
