Statistic,Value
Mean,178.54901960784315
Max,237.0
Min,0.0
Variance,1333.0125490196037
Deviation,36.51044438266403
Count,51
meanConfidence,10.224969625611354
