Statistic,Value
Mean,12652.559753855769
Max,71996.65214052865
Min,6.901503607779205
Variance,4.120519148412668E8
Deviation,20299.061920228403
Count,17675
meanConfidence,299.262519851842
