Statistic,Value
Mean,34.40255133883692
Max,826.9211470708524
Min,0.0
Variance,14924.416332893863
Deviation,122.16552841490869
Count,387
meanConfidence,12.171644705771168
