Statistic,Value
Mean,94.85325857441715
Max,1199.8106269593573
Min,0.04166666666662877
Variance,44031.632573749135
Deviation,209.83715727618198
Count,47918
meanConfidence,1.8788370852312228
