Statistic,Value
Mean,0.31284965758719213
Max,2.35
Min,0.0
Variance,0.1849967820209064
Deviation,0.4301125225111522
Count,1201
meanConfidence,0.024325773275924896
