Statistic,Value
Mean,4.019607843137255
Max,10.0
Min,0.0
Variance,4.459607843137256
Deviation,2.1117783603250735
Count,51
meanConfidence,0.5914162359689052
