Statistic,Value
Mean,0.8778517901748455
Max,1.06
Min,0.0
Variance,0.047519548015545233
Deviation,0.21798978878733113
Count,1201
meanConfidence,0.012328797468039027
