Statistic,Value
Mean,13207.493457560815
Max,71996.45378375814
Min,9.416637568999704
Variance,4.215069952547834E8
Deviation,20530.63552973418
Count,18614
meanConfidence,294.9433507525678
