Statistic,Value
Mean,96.56786011656952
Max,297.0
Min,0.0
Variance,14263.05893283375
Deviation,119.42804918792632
Count,1201
meanConfidence,6.754464228035061
