Statistic,Value
Mean,19.542048293089092
Max,31.0
Min,0.0
Variance,73.56510546766583
Deviation,8.577010287254286
Count,1201
meanConfidence,0.4850879635284588
