Statistic,Value
Mean,358.5686274509804
Max,445.0
Min,0.0
Variance,3908.2501960784457
Deviation,62.51599952075025
Count,51
meanConfidence,17.507981812402235
