Statistic,Value
Mean,8.250624479600333
Max,55.0
Min,0.0
Variance,107.09463502636692
Deviation,10.348653778456738
Count,1201
meanConfidence,0.5852863898405908
