Statistic,Value
Mean,0.568189112705116
Max,0.7501108494434416
Min,0.0
Variance,0.031250841995017
Deviation,0.17677907680214025
Count,1201
meanConfidence,0.009998052874883869
