Statistic,Value
Mean,0.6830630808641811
Max,0.8059899864799983
Min,0.0
Variance,0.033528244310912794
Deviation,0.1831071934985428
Count,1201
meanConfidence,0.010355950689905732
