Statistic,Value
Mean,181.1764705882353
Max,227.0
Min,0.0
Variance,1035.2282352941156
Deviation,32.174962863911986
Count,51
meanConfidence,9.010791940535354
