Statistic,Value
Mean,39.99583680266445
Max,216.0
Min,0.0
Variance,2270.879149320011
Deviation,47.65374223835953
Count,1201
meanConfidence,2.6951415473136864
