Statistic,Value
Mean,12797.848820382847
Max,71996.01213360332
Min,6.901503607779205
Variance,3.9579855025551385E8
Deviation,19894.686482966095
Count,14380
meanConfidence,325.1724385440828
