Statistic,Value
Mean,2.8627450980392157
Max,10.0
Min,0.0
Variance,7.0807843137254896
Deviation,2.6609743166226707
Count,51
meanConfidence,0.7452218679353538
