Statistic,Value
Mean,1.155882452177053
Max,5.0
Min,0.0
Variance,1.3014206502879575
Deviation,1.1407982513520774
Count,1201
meanConfidence,0.06451985971936605
