Statistic,Value
Mean,173.14904246461282
Max,533.0
Min,0.0
Variance,41764.560267832356
Deviation,204.3637939260092
Count,1201
meanConfidence,11.55815526557481
