Statistic,Value
Mean,139.94117647058823
Max,237.0
Min,0.0
Variance,3866.536470588234
Deviation,62.181480125421864
Count,51
meanConfidence,17.41429764300235
