Statistic,Value
Mean,60.68776019983347
Max,240.0
Min,0.0
Variance,3156.6399250624486
Deviation,56.183982815945406
Count,1201
meanConfidence,3.1775843673179995
