Statistic,Value
Mean,33.308909242298085
Max,49.0
Min,0.0
Variance,102.42866222592285
Deviation,10.120704630900105
Count,1201
meanConfidence,0.5723943232494368
