Statistic,Value
Mean,0.616573470968593
Max,0.7836276956208065
Min,0.0
Variance,0.030290440422556256
Deviation,0.17404149052038212
Count,1201
meanConfidence,0.009843223848227004
