Statistic,Value
Mean,0.8749708576186533
Max,1.18
Min,0.0
Variance,0.0398510199833428
Deviation,0.19962720251344204
Count,1201
meanConfidence,0.011290268973564294
