Statistic,Value
Mean,114.82889053830768
Max,1197.5433389206949
Min,0.04166666666662877
Variance,44083.63097340513
Deviation,209.96102250990572
Count,36438
meanConfidence,2.1558447607124624
