Statistic,Value
Mean,0.5295187816204705
Max,0.6232941937262966
Min,0.0
Variance,0.018681406285709586
Deviation,0.13667994105101738
Count,1201
meanConfidence,0.007730175438655405
