Statistic,Value
Mean,277.4901960784314
Max,448.0
Min,0.0
Variance,12237.774901960776
Deviation,110.62447695677831
Count,51
meanConfidence,30.981050377718432
