Statistic,Value
Mean,23.88759367194005
Max,60.0
Min,0.0
Variance,446.27985428809336
Deviation,21.12533678519927
Count,1201
meanConfidence,1.1947807285731589
