Statistic,Value
Mean,11141.755856469063
Max,71993.98760633188
Min,6.901503607779205
Variance,3.5979405146352494E8
Deviation,18968.237964121097
Count,16336
meanConfidence,290.8775465173705
