Statistic,Value
Mean,82.21981681931723
Max,188.0
Min,0.0
Variance,7433.041640299751
Deviation,86.21508940028858
Count,1201
meanConfidence,4.8760466341935835
