Statistic,Value
Mean,3.2941176470588234
Max,10.0
Min,0.0
Variance,6.011764705882355
Deviation,2.4518900272814754
Count,51
meanConfidence,0.6866665546858287
