Statistic,Value
Mean,0.5402370243611955
Max,0.6241348697737626
Min,0.0
Variance,0.019910750763780186
Deviation,0.14110545972349967
Count,1201
meanConfidence,0.007980468462505658
