Statistic,Value
Mean,123.27025352945977
Max,1199.8404038276954
Min,0.04166666666662877
Variance,49301.663519916416
Deviation,222.03977913859583
Count,41272
meanConfidence,2.1421954897339446
