Statistic,Value
Mean,17.273105745212323
Max,60.0
Min,0.0
Variance,307.21368442964194
Deviation,17.52751221450557
Count,1201
meanConfidence,0.991299406331541
