Statistic,Value
Mean,0.6342806284973403
Max,0.7847135643141617
Min,0.0
Variance,0.03168583569426039
Deviation,0.17800515636986583
Count,1201
meanConfidence,0.010067395970054883
