Statistic,Value
Mean,56.25811823480433
Max,240.0
Min,0.0
Variance,3330.1866527893426
Deviation,57.70776943176146
Count,1201
meanConfidence,3.2637648103351387
