Statistic,Value
Mean,0.9005828476269687
Max,1.18
Min,0.0
Variance,0.03496649333890047
Deviation,0.1869932975774813
Count,1201
meanConfidence,0.010575736168828759
