Statistic,Value
Mean,169.49019607843138
Max,237.0
Min,0.0
Variance,1526.2549019607814
Deviation,39.06731244865433
Count,51
meanConfidence,10.941035911670038
