Statistic,Value
Mean,32.85428809325562
Max,47.0
Min,0.0
Variance,90.69458368026639
Deviation,9.523370394994956
Count,1201
meanConfidence,0.5386110306641814
