Statistic,Value
Mean,0.8211705959518271
Max,4.892857142857143
Min,0.0
Variance,0.8855520466121645
Deviation,0.9410377498337484
Count,1201
meanConfidence,0.053222051785178505
