Statistic,Value
Mean,315.37254901960785
Max,448.0
Min,0.0
Variance,7428.198431372539
Deviation,86.18699688104081
Count,51
meanConfidence,24.13718704694113
