Statistic,Value
Mean,4.470588235294118
Max,10.0
Min,0.0
Variance,4.574117647058821
Deviation,2.138718692829616
Count,51
meanConfidence,0.5989610381815459
