Statistic,Value
Mean,350.4117647058824
Max,448.0
Min,0.0
Variance,4760.407058823515
Deviation,68.99570319102136
Count,51
meanConfidence,19.322661812379003
