Statistic,Value
Mean,0.5708282562386766
Max,0.7323608940082365
Min,0.0
Variance,0.025788683195982823
Deviation,0.1605885525060327
Count,1201
meanConfidence,0.009082369181356314
