Statistic,Value
Mean,89.81876509310268
Max,1199.5961371302008
Min,0.04166666666662877
Variance,44165.42341655463
Deviation,210.1557123100741
Count,47600
meanConfidence,1.8879643710420733
