Statistic,Value
Mean,61.06189899273162
Max,1405.5846133594787
Min,0.0
Variance,42999.68099489376
Deviation,207.363644342237
Count,406
meanConfidence,20.170918349666824
