Statistic,Value
Mean,144.21398834304745
Max,330.0
Min,0.0
Variance,23461.571670829868
Deviation,153.17170649578162
Count,1201
meanConfidence,8.662896357327718
