Statistic,Value
Mean,1.027868442964209
Max,1.18
Min,0.0
Variance,0.04183911934496788
Deviation,0.20454613011486647
Count,1201
meanConfidence,0.011568467610735657
