Statistic,Value
Mean,177.11764705882354
Max,237.0
Min,0.0
Variance,1349.5458823529416
Deviation,36.73616586353211
Count,51
meanConfidence,10.288184284450729
