Statistic,Value
Mean,24.850957535387177
Max,34.0
Min,0.0
Variance,19.06360116569519
Deviation,4.366188402450722
Count,1201
meanConfidence,0.24693749565321038
