Statistic,Value
Mean,0.21162990301002219
Max,1.8214285714285714
Min,0.0
Variance,0.10407330742311754
Deviation,0.3226039482447751
Count,1201
meanConfidence,0.018245436001499193
