Statistic,Value
Mean,0.6883506117475862
Max,0.8614586733428599
Min,0.0
Variance,0.04337828874695249
Deviation,0.20827455136658557
Count,1201
meanConfidence,0.011779335058902335
