Statistic,Value
Mean,12945.086872989967
Max,71987.48343300754
Min,6.432182022736015
Variance,4.189346023743229E8
Deviation,20467.891986580416
Count,18182
meanConfidence,297.51465361688446
