Statistic,Value
Mean,5.776852622814322
Max,35.0
Min,0.0
Variance,60.546830419095194
Deviation,7.781184384082875
Count,1201
meanConfidence,0.4400786241708633
