Statistic,Value
Mean,29.94421315570358
Max,240.0
Min,0.0
Variance,1719.55271856786
Deviation,41.467489899532865
Count,1201
meanConfidence,2.3452671215625607
