Statistic,Value
Mean,181.33333333333334
Max,237.0
Min,0.0
Variance,1154.8266666666652
Deviation,33.98274071740926
Count,51
meanConfidence,9.51707100545518
