Statistic,Value
Mean,13544.740326511288
Max,71998.90922510809
Min,6.901503607779205
Variance,4.257145102859498E8
Deviation,20632.85027052612
Count,18981
meanConfidence,293.5322025406684
