Statistic,Value
Mean,5.331390507910075
Max,40.0
Min,0.0
Variance,55.96342214820983
Deviation,7.480870413809467
Count,1201
meanConfidence,0.423093837236941
