Statistic,Value
Mean,0.19585329717587763
Max,2.107142857142857
Min,0.0
Variance,0.09807524020748491
Deviation,0.3131696668061658
Count,1201
meanConfidence,0.01771186355409172
