Statistic,Value
Mean,84.95075955142715
Max,1198.3181500651135
Min,0.04166666666662877
Variance,43932.43923583109
Deviation,209.6006661149508
Count,49034
meanConfidence,1.8552398682003228
