Statistic,Value
Mean,0.9875853455453687
Max,1.18
Min,0.0
Variance,0.0347476645850766
Deviation,0.18640725464712096
Count,1201
meanConfidence,0.010542591475968683
