Statistic,Value
Mean,0.560372246078537
Max,0.678006724377197
Min,0.0
Variance,0.02341553737980437
Deviation,0.1530213624949287
Count,1201
meanConfidence,0.008654393386856663
