Statistic,Value
Mean,26.20066611157369
Max,240.0
Min,0.0
Variance,1642.870532889259
Deviation,40.532339346369575
Count,1201
meanConfidence,2.292378030581686
