Statistic,Value
Mean,0.6892335250749815
Max,0.8558818586147662
Min,0.0
Variance,0.043594847079375804
Deviation,0.20879379080656543
Count,1201
meanConfidence,0.01180870156239106
