Statistic,Value
Mean,4.098039215686274
Max,10.0
Min,0.0
Variance,4.090196078431375
Deviation,2.022423318306871
Count,51
meanConfidence,0.5663918188197903
