Statistic,Value
Mean,82.09991673605329
Max,237.0
Min,0.0
Variance,7074.77167499306
Deviation,84.11166194406731
Count,1201
meanConfidence,4.757083579819674
