Statistic,Value
Mean,23.688592839300583
Max,34.0
Min,0.0
Variance,23.017944768248658
Deviation,4.797702029956493
Count,1201
meanConfidence,0.2713425108964137
