Statistic,Value
Mean,365.54901960784315
Max,448.0
Min,0.0
Variance,4044.4125490195997
Deviation,63.595695994458616
Count,51
meanConfidence,17.810357306188056
