Statistic,Value
Mean,1.3304662853653801
Max,279.5722364000176
Min,0.0
Variance,350.14900733749784
Deviation,18.71226889870648
Count,395
meanConfidence,1.8453721977756603
