Statistic,Value
Mean,181.4313725490196
Max,237.0
Min,0.0
Variance,1312.0501960784268
Deviation,36.22223344961526
Count,51
meanConfidence,10.144254419701888
