Statistic,Value
Mean,3.2745098039215685
Max,10.0
Min,0.0
Variance,5.283137254901962
Deviation,2.298507614714809
Count,51
meanConfidence,0.6437108871743746
