Statistic,Value
Mean,0.5505002453547168
Max,5.708333333333333
Min,0.0
Variance,0.5238008637069506
Deviation,0.7237408816053924
Count,1201
meanConfidence,0.040932443663028416
