Statistic,Value
Mean,342.98039215686276
Max,456.0
Min,0.0
Variance,6068.739607843128
Deviation,77.9021155543489
Count,51
meanConfidence,21.81695618288068
