Statistic,Value
Mean,117.57373738863512
Max,1199.3137044100336
Min,0.04166666666662877
Variance,47475.39440102209
Deviation,217.88849074933282
Count,45768
meanConfidence,1.996224560591
