Statistic,Value
Mean,31.182348043297253
Max,43.0
Min,0.0
Variance,59.059221482098195
Deviation,7.684999771118942
Count,1201
meanConfidence,0.43463873352565996
