Statistic,Value
Mean,0.6486131378462843
Max,0.7847135643141617
Min,0.0
Variance,0.03382106284965295
Deviation,0.1839050375863939
Count,1201
meanConfidence,0.010401074171261938
