Statistic,Value
Mean,12223.562248956414
Max,71998.91524733158
Min,6.901503607779205
Variance,4.05384726972752E8
Deviation,20134.168147026885
Count,17790
meanConfidence,295.87058372276914
