Statistic,Value
Mean,0.964254787676938
Max,1.18
Min,0.0
Variance,0.03261929836246698
Deviation,0.18060813481808338
Count,1201
meanConfidence,0.010214612012972624
