Statistic,Value
Mean,0.6754107518265344
Max,0.8089680352504288
Min,0.0
Variance,0.03967796666197932
Deviation,0.19919328970118275
Count,1201
meanConfidence,0.011265728268190469
