Statistic,Value
Mean,86.48634449656653
Max,1199.3602929871797
Min,0.04166666666662877
Variance,41773.81505713172
Deviation,204.3864355996545
Count,48342
meanConfidence,1.8219893504276596
