Statistic,Value
Mean,35.42298084929226
Max,248.0
Min,0.0
Variance,2301.262604773799
Deviation,47.9714769917896
Count,1201
meanConfidence,2.713111597403594
