Statistic,Value
Mean,0.5713700999788033
Max,0.713307442613105
Min,0.0
Variance,0.025796326403335314
Deviation,0.16061234822807155
Count,1201
meanConfidence,0.009083714990438724
