Statistic,Value
Mean,362.078431372549
Max,448.0
Min,0.0
Variance,4140.633725490215
Deviation,64.34775618069533
Count,51
meanConfidence,18.020976286343586
