Statistic,Value
Mean,13678.210913919009
Max,71999.84087687905
Min,6.901503607779205
Variance,4.2720574807018405E8
Deviation,20668.95614369976
Count,18789
meanConfidence,295.5444321107475
