Statistic,Value
Mean,165.17318900915905
Max,360.0
Min,0.0
Variance,30097.008313905077
Deviation,173.48489361873868
Count,1201
meanConfidence,9.811744527521782
