Statistic,Value
Mean,181.1764705882353
Max,237.0
Min,0.0
Variance,1322.8282352941176
Deviation,36.370705729943126
Count,51
meanConfidence,10.185834975136554
