Statistic,Value
Mean,6.885095753538717
Max,43.0
Min,0.0
Variance,82.42178601165698
Deviation,9.078644502989253
Count,1201
meanConfidence,0.5134587724697373
