Statistic,Value
Mean,3.784313725490196
Max,10.0
Min,0.0
Variance,4.492549019607846
Deviation,2.119563403063906
Count,51
meanConfidence,0.5935964840290041
