Statistic,Value
Mean,0.25829539135028423
Max,1.9615384615384615
Min,0.0
Variance,0.1455004087281236
Deviation,0.3814451582182209
Count,1201
meanConfidence,0.021573304543289953
