Statistic,Value
Mean,25.9766860949209
Max,34.0
Min,0.0
Variance,18.35445600888141
Deviation,4.284210079919215
Count,1201
meanConfidence,0.24230106685127895
