Statistic,Value
Mean,6.018318068276436
Max,35.0
Min,0.0
Variance,63.086330835414934
Deviation,7.94269040284304
Count,1201
meanConfidence,0.44921288227643885
