Statistic,Value
Mean,0.9510907577019219
Max,1.18
Min,0.0
Variance,0.03208105925616523
Deviation,0.17911186241052052
Count,1201
meanConfidence,0.010129987684592478
