Statistic,Value
Mean,354.8627450980392
Max,448.0
Min,0.0
Variance,4113.040784313713
Deviation,64.13299294679543
Count,51
meanConfidence,17.960830550501292
