Statistic,Value
Mean,0.6620342986986372
Max,0.7942991967127377
Min,0.0
Variance,0.03652424608011559
Deviation,0.1911131761028412
Count,1201
meanConfidence,0.010808743174407533
