Statistic,Value
Mean,33.093255620316405
Max,240.0
Min,0.0
Variance,1941.91296280877
Deviation,44.06714153208454
Count,1201
meanConfidence,2.492295010545264
