Statistic,Value
Mean,3.803921568627451
Max,10.0
Min,0.0
Variance,4.760784313725491
Deviation,2.1819221603268737
Count,51
meanConfidence,0.6110604292010182
