Statistic,Value
Mean,25.948376353039134
Max,34.0
Min,0.0
Variance,18.137332778240374
Deviation,4.258794756529173
Count,1201
meanConfidence,0.24086365835428628
