Statistic,Value
Mean,0.5678309946956719
Max,0.7163380258805552
Min,0.0
Variance,0.025046180716926984
Deviation,0.15825985187951802
Count,1201
meanConfidence,0.008950665405011063
