Statistic,Value
Mean,0.22190779577852068
Max,1.75
Min,0.0
Variance,0.10732376555573711
Deviation,0.3276030609682045
Count,1201
meanConfidence,0.018528169649849973
