Statistic,Value
Mean,67.91152825275199
Max,1656.1379450103914
Min,0.0
Variance,74138.08549479285
Deviation,272.2830980703592
Count,385
meanConfidence,27.198589976668845
