Statistic,Value
Mean,95.66141202471617
Max,1199.5162593290133
Min,0.04166666666662877
Variance,46601.32921843545
Deviation,215.87341017002407
Count,47420
meanConfidence,1.9430073734877338
