Statistic,Value
Mean,138.92506244796004
Max,333.0
Min,0.0
Variance,24130.05937968359
Deviation,155.33853153575126
Count,1201
meanConfidence,8.785444974008675
