Statistic,Value
Mean,178.76470588235293
Max,237.0
Min,0.0
Variance,1351.1835294117682
Deviation,36.75844840865523
Count,51
meanConfidence,10.2944246452822
