Statistic,Value
Mean,13134.072722824729
Max,71994.10585089437
Min,6.901503607779205
Variance,4.1418466967960835E8
Deviation,20351.527453230836
Count,18414
meanConfidence,293.953754838703
