Statistic,Value
Mean,33.57868442964197
Max,50.0
Min,0.0
Variance,109.25234526783215
Deviation,10.452384668956274
Count,1201
meanConfidence,0.591153073538311
