Statistic,Value
Mean,0.897452123230637
Max,1.18
Min,0.0
Variance,0.03618600291424101
Deviation,0.19022618882330847
Count,1201
meanConfidence,0.010758578042421675
