Statistic,Value
Mean,133.83530616711408
Max,1199.2709196698943
Min,0.04166666666662877
Variance,48124.00711996419
Deviation,219.37184668950616
Count,40330
meanConfidence,2.141030487528382
