Statistic,Value
Mean,1.0207445377297706
Max,4.892857142857143
Min,0.0
Variance,1.0281318356829579
Deviation,1.0139683602967884
Count,1201
meanConfidence,0.05734677125310031
