Statistic,Value
Mean,95.56619483763531
Max,244.0
Min,0.0
Variance,10557.725822925338
Deviation,102.75079475568711
Count,1201
meanConfidence,5.811252652108331
