Statistic,Value
Mean,21.273938384679433
Max,60.0
Min,0.0
Variance,354.5423952262005
Deviation,18.82929619572119
Count,1201
meanConfidence,1.0649240982991204
