Statistic,Value
Mean,164.94117647058823
Max,237.0
Min,0.0
Variance,1609.4564705882367
Deviation,40.11803173871117
Count,51
meanConfidence,11.235296170824167
