Statistic,Value
Mean,0.6292890258992017
Max,0.7847135643141617
Min,0.0
Variance,0.03129546906171585
Deviation,0.1769052544774062
Count,1201
meanConfidence,0.010005189076134378
