Statistic,Value
Mean,308.84313725490193
Max,448.0
Min,0.0
Variance,7112.574901960796
Deviation,84.3360830366267
Count,51
meanConfidence,23.61882748822417
