Statistic,Value
Mean,11621.021192744549
Max,71999.71971356533
Min,6.901503607779205
Variance,3.670243889855749E8
Deviation,19157.88059743496
Count,16013
meanConfidence,296.73391168904203
