Statistic,Value
Mean,64.01582014987511
Max,240.0
Min,0.0
Variance,3675.663916180959
Deviation,60.62725390598653
Count,1201
meanConfidence,3.428881410493508
