Statistic,Value
Mean,0.5400608996288001
Max,0.6240433106214761
Min,0.0
Variance,0.019885705309712755
Deviation,0.14101668450829766
Count,1201
meanConfidence,0.007975447623435645
