Statistic,Value
Mean,3.0980392156862746
Max,10.0
Min,0.0
Variance,5.570196078431371
Deviation,2.360126284424495
Count,51
meanConfidence,0.6609675663741292
