Statistic,Value
Mean,0.8876544924316068
Max,55.0
Min,0.0
Variance,25.841126733941273
Deviation,5.08341683653242
Count,7201
meanConfidence,0.11741278483000529
