Statistic,Value
Mean,3.12323064113239
Max,139.0
Min,0.0
Variance,191.76813488759367
Deviation,13.848037221483544
Count,1201
meanConfidence,0.7832002002630446
