Statistic,Value
Mean,0.7574133421961248
Max,0.9162090491677837
Min,0.0
Variance,0.04696686721503197
Deviation,0.21671840534442838
Count,1201
meanConfidence,0.012256892132202135
