Statistic,Value
Mean,0.025203355311078042
Max,1.4318181818181819
Min,0.0
Variance,0.02147775565558043
Deviation,0.14655291077143584
Count,1201
meanConfidence,0.008288558676550423
