Statistic,Value
Mean,351.1764705882353
Max,396.0
Min,0.0
Variance,3359.348235294111
Deviation,57.95988470739147
Count,51
meanConfidence,16.232014445663975
