Statistic,Value
Mean,0.618347811793123
Max,0.7405800278335133
Min,0.0
Variance,0.03065066734175496
Deviation,0.17507331990270522
Count,1201
meanConfidence,0.00990158078112281
