Statistic,Value
Mean,161.68627450980392
Max,196.0
Min,0.0
Variance,687.2196078431388
Deviation,26.214873790333968
Count,51
meanConfidence,7.341633134782503
