Statistic,Value
Mean,173.33599717440362
Max,1198.8963067205264
Min,0.04166666666662877
Variance,89769.50252811225
Deviation,299.61559126339245
Count,36233
meanConfidence,3.085093520279183
