Statistic,Value
Mean,4.490196078431373
Max,9.0
Min,0.0
Variance,4.014901960784313
Deviation,2.0037220268251565
Count,51
meanConfidence,0.5611544096183009
