Statistic,Value
Mean,14624.793082338902
Max,71988.31831494422
Min,7.124432601285662
Variance,4.4366441679286915E8
Deviation,21063.34296337761
Count,18230
meanConfidence,305.76659446065776
