Statistic,Value
Mean,0.8476852622814447
Max,1.02
Min,0.0
Variance,0.03852947085760281
Deviation,0.19628925303643807
Count,1201
meanConfidence,0.011101485346177614
