Statistic,Value
Mean,1.3355537052456286
Max,3.0
Min,0.0
Variance,1.08480988065501
Deviation,1.041542068595892
Count,1201
meanConfidence,0.05890625102026541
