Statistic,Value
Mean,320.5098039215686
Max,448.0
Min,0.0
Variance,5646.534901960791
Deviation,75.14342886747178
Count,51
meanConfidence,21.044369377739233
