Statistic,Value
Mean,169.31372549019608
Max,237.0
Min,0.0
Variance,1424.2996078431381
Deviation,37.739894115420334
Count,51
meanConfidence,10.569284420629796
