Statistic,Value
Mean,3.0392156862745097
Max,10.0
Min,0.0
Variance,5.158431372549021
Deviation,2.271218037210215
Count,51
meanConfidence,0.6360682767981303
