Statistic,Value
Mean,0.9788703962653672
Max,5.208333333333333
Min,0.0
Variance,0.8822575276004909
Deviation,0.9392856475005306
Count,1201
meanConfidence,0.05312295854356526
