Statistic,Value
Mean,33.80516236469609
Max,51.0
Min,0.0
Variance,114.57533999444895
Deviation,10.703987107356257
Count,1201
meanConfidence,0.6053828937640849
