Statistic,Value
Mean,64.80516236469609
Max,159.0
Min,0.0
Variance,4628.967006661116
Deviation,68.03651230524031
Count,1201
meanConfidence,3.847925103782667
