Statistic,Value
Mean,0.8946711074104873
Max,1.18
Min,0.0
Variance,0.03655357923952484
Deviation,0.19118990360247803
Count,1201
meanConfidence,0.010813082633647867
