Statistic,Value
Mean,0.5512964628113621
Max,0.6485760629998525
Min,0.0
Variance,0.02169988217892532
Deviation,0.14730879871523397
Count,1201
meanConfidence,0.008331309254086471
