Statistic,Value
Mean,133.27106609102142
Max,1199.836342359337
Min,0.04166666666662877
Variance,47555.13104863009
Deviation,218.0713897984559
Count,41732
meanConfidence,2.0922817330571086
