Statistic,Value
Mean,12045.234915592968
Max,71990.19720822689
Min,6.901503607779205
Variance,3.74849353656149E8
Deviation,19361.02666844269
Count,16604
meanConfidence,294.49511292601784
