Statistic,Value
Mean,66.31473771856786
Max,240.0
Min,0.0
Variance,3748.164190951985
Deviation,61.22225241651915
Count,1201
meanConfidence,3.462532602005502
