Statistic,Value
Mean,0.6325212198077746
Max,0.7847135643141617
Min,0.0
Variance,0.031609272778648265
Deviation,0.17778996816088433
Count,1201
meanConfidence,0.010055225620880267
