Statistic,Value
Mean,20.61615320566195
Max,60.0
Min,0.0
Variance,320.31003885650836
Deviation,17.897207571476294
Count,1201
meanConfidence,1.0122081801154963
