Statistic,Value
Mean,0.38664446294753707
Max,0.56
Min,0.0
Variance,0.00990631432140197
Deviation,0.09953046931167345
Count,1201
meanConfidence,0.005629121459627793
