Statistic,Value
Mean,71.20066611157368
Max,77.0
Min,0.0
Variance,188.45719955592637
Deviation,13.727971429017703
Count,1201
meanConfidence,0.7764096673376922
