Statistic,Value
Mean,2.0392156862745097
Max,7.0
Min,0.0
Variance,2.358431372549021
Deviation,1.5357185199602892
Count,51
meanConfidence,0.4300872116346729
