Statistic,Value
Mean,1.0826446208523646
Max,2.7291666666666665
Min,0.0
Variance,0.1796046753666706
Deviation,0.4237979180773197
Count,1201
meanConfidence,0.023968639670774918
