Statistic,Value
Mean,38.20538814053604
Max,60.0
Min,0.0
Variance,189.95433763057596
Deviation,13.782392304334396
Count,7201
meanConfidence,0.3183349141156378
