Statistic,Value
Mean,385.0980392156863
Max,472.0
Min,0.0
Variance,4243.610196078408
Deviation,65.14299805872008
Count,51
meanConfidence,18.243688559100207
