Statistic,Value
Mean,96.84929225645296
Max,173.0
Min,0.0
Variance,3305.789768248683
Deviation,57.4959978454908
Count,1201
meanConfidence,3.2517876942915813
