Statistic,Value
Mean,149.98039215686273
Max,192.0
Min,0.0
Variance,968.1396078431412
Deviation,31.114941874333322
Count,51
meanConfidence,8.71392668446362
