Statistic,Value
Mean,94.27144046627811
Max,225.0
Min,0.0
Variance,3124.4679253399936
Deviation,55.896940214469645
Count,1201
meanConfidence,3.1613501660832517
