Statistic,Value
Mean,0.42194670332763184
Max,0.5190340716215849
Min,0.0
Variance,0.012505216112539238
Deviation,0.11182672360638685
Count,1201
meanConfidence,0.006324557836067077
