Statistic,Value
Mean,0.38613186272212574
Max,0.46864559903764896
Min,0.0
Variance,0.009733487525787421
Deviation,0.0986584386952653
Count,1201
meanConfidence,0.005579802228137946
