Statistic,Value
Mean,266.39951788682885
Max,1199.4530084069725
Min,0.04166666666666652
Variance,63650.9617963615
Deviation,252.29142235986046
Count,28842
meanConfidence,2.9116949305024473
