Statistic,Value
Mean,19146.58200324483
Max,71982.04783683493
Min,19.317508284383393
Variance,5.1559110086790216E8
Deviation,22706.631209140254
Count,19982
meanConfidence,314.83956265040064
