Statistic,Value
Mean,0.58016840410229
Max,0.711684155590822
Min,0.0
Variance,0.025756148667297803
Deviation,0.16048722275401803
Count,1201
meanConfidence,0.009076638298285939
