Statistic,Value
Mean,22.964196502914238
Max,38.0
Min,0.0
Variance,104.1628837080211
Deviation,10.206021933545955
Count,1201
meanConfidence,0.5772195939682697
