Statistic,Value
Mean,3.7058823529411766
Max,13.0
Min,0.0
Variance,6.81176470588235
Deviation,2.6099357666200045
Count,51
meanConfidence,0.7309282149180736
