Statistic,Value
Mean,45.05495420482931
Max,219.0
Min,0.0
Variance,2730.2553108520683
Deviation,52.25184504734803
Count,1201
meanConfidence,2.955195371782253
