Statistic,Value
Mean,312.88235294117646
Max,411.0
Min,0.0
Variance,7985.665882352949
Deviation,89.36255302056308
Count,51
meanConfidence,25.02652065051831
