Statistic,Value
Mean,16.658617818484597
Max,60.0
Min,0.0
Variance,383.8850277546489
Deviation,19.59298414623584
Count,1201
meanConfidence,1.1081158189895903
