Statistic,Value
Mean,13409.359600610063
Max,71982.06762889976
Min,8.499260284152115
Variance,4.311908469612065E8
Deviation,20765.135370644864
Count,16263
meanConfidence,319.14680940752066
