Statistic,Value
Mean,0.9812822647793583
Max,1.83
Min,0.0
Variance,0.03511002109350499
Deviation,0.18737668236337462
Count,1201
meanConfidence,0.010597419172440538
