Statistic,Value
Mean,120.33535849481359
Max,1199.7013683451996
Min,0.04166666666662877
Variance,47913.47496681874
Deviation,218.89146846512483
Count,41852
meanConfidence,2.097136976874364
