Statistic,Value
Mean,197.38967527060782
Max,508.0
Min,0.0
Variance,46977.23802664446
Deviation,216.74233095231872
Count,1201
meanConfidence,12.25824528720825
