Statistic,Value
Mean,0.8110846804906905
Max,5.0
Min,0.0
Variance,1.1147962421973607
Deviation,1.055839117573014
Count,1201
meanConfidence,0.05971484587330934
