Statistic,Value
Mean,172.63002079180734
Max,1913.8328565493725
Min,0.0
Variance,134555.00709881942
Deviation,366.8174029388729
Count,360
meanConfidence,37.89263030336963
