Statistic,Value
Mean,0.6331782728397115
Max,0.7658805716031846
Min,0.0
Variance,0.02744726068921982
Deviation,0.1656721482000515
Count,1201
meanConfidence,0.00936988091330307
