Statistic,Value
Mean,156.52941176470588
Max,220.0
Min,0.0
Variance,2334.8141176470563
Deviation,48.31991429676854
Count,51
meanConfidence,13.532282730341056
