Statistic,Value
Mean,0.8156353716062245
Max,5.75
Min,0.0
Variance,0.9810554587312413
Deviation,0.9904824373663782
Count,1201
meanConfidence,0.056018483406363194
