Statistic,Value
Mean,3.5294117647058822
Max,10.0
Min,0.0
Variance,5.934117647058823
Deviation,2.436004443152521
Count,51
meanConfidence,0.6822177012700434
