Statistic,Value
Mean,17.903413821815153
Max,60.0
Min,0.0
Variance,388.9956633361089
Deviation,19.722972984215865
Count,1201
meanConfidence,1.115467567277786
