Statistic,Value
Mean,32.30807660283097
Max,45.0
Min,0.0
Variance,78.55334304746056
Deviation,8.863032384430317
Count,1201
meanConfidence,0.5012644483403567
