Statistic,Value
Mean,158.72549019607843
Max,237.0
Min,0.0
Variance,2876.0031372549024
Deviation,53.628379961126015
Count,51
meanConfidence,15.018950479650314
