Statistic,Value
Mean,144.47626977518735
Max,367.0
Min,0.0
Variance,25756.962978073825
Deviation,160.4897597296283
Count,1201
meanConfidence,9.076781781421799
