Statistic,Value
Mean,308.8627450980392
Max,448.0
Min,0.0
Variance,10495.480784313719
Deviation,102.44745377174446
Count,51
meanConfidence,28.691025835190796
