Statistic,Value
Mean,121.70864152746819
Max,1199.9771011296873
Min,0.04166666666662877
Variance,48946.872901377916
Deviation,221.23940178317676
Count,41352
meanConfidence,2.1324079219527445
