Statistic,Value
Mean,0.6280258842625063
Max,0.7836276956208065
Min,0.0
Variance,0.03086802262891431
Deviation,0.17569297831420103
Count,1201
meanConfidence,0.009936626656882394
