Statistic,Value
Mean,52.50208159866778
Max,240.0
Min,0.0
Variance,3071.9518706633357
Deviation,55.42519166104287
Count,1201
meanConfidence,3.134669593550961
