Statistic,Value
Mean,0.533927852686762
Max,0.6232941937262966
Min,0.0
Variance,0.019102129705615867
Deviation,0.13821045440058385
Count,1201
meanConfidence,0.007816736323979001
