Statistic,Value
Mean,12937.867280075707
Max,71995.14000262924
Min,6.255008773418922
Variance,4.2127190617833066E8
Deviation,20524.909407311174
Count,16030
meanConfidence,317.7390253933778
