Statistic,Value
Mean,0.9058451290591277
Max,1.18
Min,0.0
Variance,0.03313130599498598
Deviation,0.1820200703081558
Count,1201
meanConfidence,0.01029446651804773
