Statistic,Value
Mean,1.081035313042496
Max,2.484375
Min,0.0
Variance,0.19449986025185656
Deviation,0.44102138298710253
Count,1201
meanConfidence,0.024942743144849802
