Statistic,Value
Mean,0.484391311865453
Max,0.5757882887834406
Min,0.0
Variance,0.015501875832402564
Deviation,0.12450652927618922
Count,1201
meanConfidence,0.00704168663786429
