Statistic,Value
Mean,0.41940218304229515
Max,0.5496412333617532
Min,0.0
Variance,0.020074878879022942
Deviation,0.14168584572575674
Count,1201
meanConfidence,0.008013293217806895
