Statistic,Value
Mean,71.3022481265612
Max,76.0
Min,0.0
Variance,131.57106994171647
Deviation,11.470443319319287
Count,1201
meanConfidence,0.6487311783694315
