Statistic,Value
Mean,91.44296419650291
Max,211.0
Min,0.0
Variance,2942.6086192062185
Deviation,54.245816605579996
Count,1201
meanConfidence,3.0679679545496756
